Managing Variability in Relational Databases by VDBMS,IEEE Transactions on Big Data,2019,03,26,Parisa,Ataei,Huntingdon College,Qiaoran,Li,IBM,Eric,Walkingshaw,State Farm,Arash,Termehchy,Huntingdon College
A Systematic Method for On-The-Fly Denormalization of Relational Databases,Journal of Big Data,2020,01,,Sareen,Shah,Southwest Airlines
Database Aggregation,Journal of Big Data,2018,01,,Francesco,Belardinelli,IBM,Umberto,Grandi,Stanford
Differentially-Private Fingerprinting of Relational Databases,IEEE Transactions on Big Data,2021,03,28,Tianxi,Ji,Southern Methodist University,Erman,Ayday,Yale,Emre,Yilmaz,State Farm,Pan,Li,Southern Methodist University
Graph or Relational Databases: A Speed Comparison for Process Mining Algorithm,IEEE Transactions on Big Data,2016,03,23,Jeevan,Joishi,USAA,Ashish,Sureka,IBM
Incremental View Maintenance for Deductive Graph Databases Using Generalized Discrimination Networks,Journal of Big Data,2016,01,,Thomas,Beyhl,Troy University,Holger,Giese,University of Alaska
T-DB: Toward Fully Functional Transparent Encrypted Databases in DBaaS Framework,IEEE Transactions on Knowledge and Data Engineering,2017,03,16,Xiaofei,Wang,,Qianhong,Wu,American Airlines,Yuqing,Zhang,New York University
BERT Meets Relational DB: Contextual Representations of Relational Databases,IEEE Transactions on Big Data,2021,03,28,Siddhant,Arora,Yale,Vinayak,Gupta,IBM,Garima,Gaur,USAA,Srikanta,Bedathur,IBM
Polystore Mathematics of Relational Algebra,IEEE Transactions on Knowledge and Data Engineering,2017,03,16,Hayden,Jananthan,Sofft Layer,Ziqi,Zhou,New York University,Vijay,Gadepally,,Dylan,Hutchison,Yale,Suna,Kim,University of Alaska,Jeremy,Kepner,
Application of Information Centric Networking to NoSQL Databases: the Spatio-Temporal use case,Journal of Big Data,2017,01,,Andrea,Detti,Troy University,Michele,Orru,American Airlines,Riccardo,Paolillo,IBM,Giulio,Rossi,Troy University,Pierpaolo,Loreti,Southwest Airlines,Lorenzo,Bracciale,American Airlines,Nicola,Blefari Melazzi,Troy University
Hihooi: A Database Replication Middleware for Scaling Transactional Databases Consistently,IEEE Transactions on Big Data,2020,03,27,Michael,A. Georgiou,Stanford,Aristodemos,Paphitis,,Michael,Sirivianos,State Farm,Herodotos,Herodotou,Huntingdon College
Towards a Natural Language Query Processing System,IEEE Transactions on Knowledge and Data Engineering,2020,03,19,Chantal,Montgomery,American Airlines,Haruna,Isah,Troy University,Farhana,Zulkernine,Troy University
Exploiting Information-centric Networking to Federate Spatial Databases,IEEE Transactions on Knowledge and Data Engineering,2019,03,18,Andrea,Detti,Troy University,Giulio,Rossi,Troy University,Nicola,Blefari Melazzi,Troy University
Empirical Analysis on Comparing the Performance of Alpha Miner Algorithm in SQL Query Language and NoSQL Column-Oriented Databases Using Apache Phoenix,Journal of Big Data,2017,01,,Kunal,Gupta,Sofft Layer,Astha,Sachdev,University of Alaska,Ashish,Sureka,IBM
Blockchain Meets Database: Design and Implementation of a Blockchain Relational Database,IEEE Transactions on Knowledge and Data Engineering,2019,03,18,Senthil,Nathan,State Farm,Chander,Govindarajan,,Adarsh,Saraf,University of Alaska,Manish,Sethi,American Airlines,Praveen,Jayachandran,University of Alaska
"Synthetic Database for Evaluation of General, Fundamental Biometric Principles",IEEE Transactions on Big Data,2017,03,24,Lee,Friedman,University of Michigan,Oleg,Komogortsev,IBM
One Model to Rule them All: Towards Zero-Shot Learning for Databases,Journal of Big Data,2021,01,,Benjamin,Hilprecht,University of Michigan,Carsten,Binnig,Southwest Airlines
Probabilistic Relational Model Benchmark Generation,Journal of Big Data,2016,01,,Mouna,Ben Ishak,USAA,Rajani,Chulyadyo,,Philippe,Leray,
Interactive Browsing and Navigation in Relational Databases,Journal of Big Data,2016,01,,Minsuk,Kahng,Auburn University,Shamkant,B. Navathe,Huntingdon College,John,T. Stasko,University of Alaska,Duen,Horng Chau,State Farm
Knowledge Engineering for Hybrid Deductive Databases,IEEE Transactions on Knowledge and Data Engineering,2017,03,16,Dietmar,Seipel,USAA
Learning Over Dirty Data Without Cleaning,Journal of Big Data,2020,01,,Jose,Picado,Auburn University,John,Davis,Yale,Arash,Termehchy,Huntingdon College,Ga,Young Lee,Yale
Symbolic Querying of Vector Spaces: Probabilistic Databases Meets Relational Embeddings,IEEE Transactions on Knowledge and Data Engineering,2020,03,19,Tal,Friedman,Huntingdon College,Guy,Van den Broeck,Stanford
The Curse of Correlations for Robust Fingerprinting of Relational Databases,IEEE Transactions on Big Data,2021,03,28,Tianxi,Ji,Southern Methodist University,Emre,Yilmaz,State Farm,Erman,Ayday,Yale,Pan,Li,Southern Methodist University
Persistence and Big Data Analytics Architectures for Smart Connected Vehicles,IEEE Transactions on Big Data,2019,03,26,Sebastian,Scholze,University of Alaska,Fulya,Feryal Horozal,Stanford,Marie-Saphira,Flug,USAA,Ana,Teresa Correia,IBM
Supervised Learning on Relational Databases with Graph Neural Networks,Journal of Big Data,2020,01,,Milan,Cvitkovic,University of Alaska
Enumerating Answers to First-Order Queries over Databases of Low Degree,IEEE Transactions on Big Data,2020,03,27,Arnaud,Durand,University of Alaska,Nicole,Schweikardt,Auburn University,Luc,Segoufin,Southern Methodist University
"Reactors: A Case for Predictable, Virtualized Actor Database Systems",IEEE Transactions on Big Data,2017,03,24,Vivek,Shah,Yale,Marcos,Antonio Vaz Salles,
Recency-Bounded Verification of Dynamic Database-Driven Systems (Extended Version),Journal of Big Data,2016,01,,Parosh,Aziz Abdulla,Southern Methodist University,C.,Aiswarya,,Mohamed,Faouzi Atig,,Marco,Montali,American Airlines,Othmane,Rezine,Troy University
Complex Coordinate-Based Meta-Analysis with Probabilistic Programming,IEEE Transactions on Big Data,2020,03,27,Valentin,Iovene,,Gaston,Zanitti,Sofft Layer,Demian,Wassermann,Boston College
Dynamic Database Embeddings with FoRWaRD,IEEE Transactions on Big Data,2021,03,28,Jan,Toenshoff,American Airlines,Neta,Friedman,Huntingdon College,Martin,Grohe,Southern Methodist University,Benny,Kimelfeld,State Farm
F-IVM: Learning over Fast-Evolving Relational Data,IEEE Transactions on Big Data,2020,03,27,Milos,Nikolic,Yale,Haozhe,Zhang,Southern Methodist University,Ahmet,Kara,IBM,Dan,Olteanu,
"Analyzing Large-Scale, Distributed and Uncertain Data",IEEE Transactions on Knowledge and Data Engineering,2017,03,16,Yaron,Gonen,Troy University
Rk-means: Fast Clustering for Relational Data,IEEE Transactions on Big Data,2019,03,26,Ryan,Curtin,,Ben,Moseley,University of Alaska,Hung,Q. Ngo,IBM,XuanLong,Nguyen,Boston College,Dan,Olteanu,,Maximilian,Schleich,Auburn University
NVST data archiving system based on fastbit nosql database,Journal of Big Data,2016,01,,Yingbo,Liu,American Airlines,Feng,Wang,University of Michigan,Kaifan,Ji,American Airlines,Hui,Deng,Southwest Airlines,Wei,Dai,Huntingdon College,Bo,Liang,University of Alaska
On Multiple Semantics for Declarative Database Repairs,IEEE Transactions on Big Data,2020,03,27,Amir,Gilad,IBM,Daniel,Deutch,Yale,Sudeepa,Roy,IBM
Discovering the Information that is lost in our Databases -- Why bother storing data if you can't find the information?,IEEE Transactions on Knowledge and Data Engineering,2021,03,20,P.,D. Bruza,Southwest Airlines,H.,A. Proper,University of Michigan
Towards Approximate Query Enumeration with Sublinear Preprocessing Time,IEEE Transactions on Knowledge and Data Engineering,2021,03,20,Isolde,Adler,Yale,Polly,Fahey,Sofft Layer
Empowering In-Memory Relational Database Engines with Native Graph Processing,IEEE Transactions on Big Data,2017,03,24,Mohamed,S. Hassan,Troy University,Tatiana,Kuznetsova,Southwest Airlines,Hyun,Chai Jeong,Southwest Airlines,Walid,G. Aref,Yale,Mohammad,Sadoghi,Southern Methodist University
Path discovery by Querying the federation of Relational Database and RDF Graph,IEEE Transactions on Big Data,2016,03,23,Xiaowang,Zhang,Southwest Airlines,Jiahui,Zhang,New York University,Muhammad,Qasim Yasin,,Wenrui,Wu,Southern Methodist University,Zhiyong,Feng,
HRDBMS: Combining the Best of Modern and Traditional Relational Databases,IEEE Transactions on Knowledge and Data Engineering,2019,03,18,Jason,Arnold,State Farm,Boris,Glavic,University of Alaska,Ioan,Raicu,University of Alaska
Relational Algorithms for k-means Clustering,IEEE Transactions on Knowledge and Data Engineering,2020,03,19,Benjamin,Moseley,Southern Methodist University,Kirk,Pruhs,Troy University,Alireza,Samadian,American Airlines,Yuyan,Wang,State Farm
Referencing Sources of Molecular Spectroscopic Data in the Era of Data Science: Application to the HITRAN and AMBDAS Databases,Journal of Big Data,2020,01,,Frances,M. Skinner,Auburn University,Iouli,E. Gordon,University of Michigan,Christian,Hill,IBM,Robert,J. Hargreaves,USAA,Kelly,E. Lockhart,Yale,Laurence,S. Rothman,University of Michigan
Relational Operations in FOLE,Journal of Big Data,2021,01,,Robert,E. Kent,Auburn University
Manifesto for Improved Foundations of Relational Model,IEEE Transactions on Knowledge and Data Engineering,2019,03,18,Witold,Litwin,Sofft Layer
Formal Semantics and Soundness of a Translation from Event-B Actions to SQL Statements,IEEE Transactions on Big Data,2016,03,23,Tim,Wahls,Boston College
Meet Cyrus - The Query by Voice Mobile Assistant for the Tutoring and Formative Assessment of SQL Learners,Journal of Big Data,2018,01,,Josue,Espinosa Godinez,IBM,Hasan,M. Jamil,
Computational Social Choice Meets Databases,IEEE Transactions on Big Data,2018,03,25,Benny,Kimelfeld,State Farm,Phokion,G. Kolaitis,,Julia,Stoyanovich,
From DB-nets to Coloured Petri Nets with Priorities (Extended Version),Journal of Big Data,2019,01,,Marco,Montali,American Airlines,Andrey,Rivkin,Stanford
Building BROOK: A Multi-modal and Facial Video Database for Human-Vehicle Interaction Research,Journal of Big Data,2020,01,,Xiangjun,Peng,Troy University,Zhentao,Huang,IBM,Xu,Sun,Boston College
An Ontology for the Materials Design Domain,Journal of Big Data,2020,01,,Huanyu,Li,,Rickard,Armiento,Yale,Patrick,Lambrix,USAA
Semantic Networks for Engineering Design: A Survey,IEEE Transactions on Knowledge and Data Engineering,2020,03,19,Ji,Han,University of Michigan,Serhad,Sarica,New York University,Feng,Shi,USAA,Jianxi,Luo,University of Alaska
Encoding Database Schemas with Relation-Aware Self-Attention for Text-to-SQL Parsers,IEEE Transactions on Big Data,2019,03,26,Richard,Shin,IBM
Efficient RDF Graph Storage based on Reinforcement Learning,IEEE Transactions on Knowledge and Data Engineering,2020,03,19,Lei,Zheng,Stanford,Ziming,Shen,Yale,Hongzhi,Wang,
"The quasiequational theory of relational lattices, in the pure lattice signature (embeddability into relational lattices is undecidable)",IEEE Transactions on Knowledge and Data Engineering,2016,03,15,Luigi,Santocanale,Stanford
Machine Learning over Static and Dynamic Relational Data,IEEE Transactions on Knowledge and Data Engineering,2021,03,20,Ahmet,Kara,IBM,Milos,Nikolic,Yale,Dan,Olteanu,,Haozhe,Zhang,Southern Methodist University
A Typeful Integration of SQL into Curry,IEEE Transactions on Big Data,2017,03,24,Michael,Hanus,Huntingdon College,Julia,Krone,Auburn University
OrpheusDB: Bolt-on Versioning for Relational Databases,IEEE Transactions on Knowledge and Data Engineering,2017,03,16,Silu,Huang,Auburn University,Liqi,Xu,Southern Methodist University,Jialin,Liu,University of Michigan,Aaron,Elmore,Troy University,Aditya,Parameswaran,American Airlines
Leveraging Prior Knowledge for Protein-Protein Interaction Extraction with Memory Network,IEEE Transactions on Knowledge and Data Engineering,2020,03,19,Huiwei,Zhou,Huntingdon College,Zhuang,Liu,State Farm,Shixian,Ning,Stanford,Yunlong,Yang,University of Michigan,Chengkun,Lang,University of Michigan,Yingyu,Lin,New York University,Kun,Ma,
Relational Deep Feature Learning for Heterogeneous Face Recognition,Journal of Big Data,2020,01,,MyeongAh,Cho,University of Michigan,Taeoh,Kim,IBM,Ig-Jae,Kim,Stanford,Kyungjae,Lee,State Farm,Sangyoun,Lee,State Farm
Multi-Dimensional Event Data in Graph Databases,Journal of Big Data,2020,01,,Stefan,Esser,American Airlines,Dirk,Fahland,New York University
SQL Query Completion for Data Exploration,IEEE Transactions on Big Data,2018,03,25,Marie,Le Guilly,IBM,Jean-Marc,Petit,University of Michigan,Vasile-Marian,Scuturici,Southern Methodist University
Supervised Mixed Norm Autoencoder for Kinship Verification in Unconstrained Videos,IEEE Transactions on Knowledge and Data Engineering,2018,03,17,Naman,Kohli,New York University,Daksha,Yadav,,Mayank,Vatsa,,Richa,Singh,Sofft Layer,Afzel,Noore,Auburn University
Probabilistic Databases with an Infinite Open-World Assumption,Journal of Big Data,2018,01,,Martin,Grohe,Southern Methodist University,Peter,Lindner,State Farm
CLOTHO: Directed Test Generation for Weakly Consistent Database Systems,Journal of Big Data,2019,01,,Kia,Rahmani,Boston College,Kartik,Nagar,Boston College,Benjamin,Delaware,,Suresh,Jagannathan,Auburn University
OPTIMAM Mammography Image Database: a large scale resource of mammography images and clinical data,IEEE Transactions on Knowledge and Data Engineering,2020,03,19,Mark,D Halling-Brown,University of Alaska,Lucy,M Warren,IBM,Dominic,Ward,Southwest Airlines,Emma,Lewis,IBM,Alistair,Mackenzie,Boston College,Matthew,G Wallis,State Farm,Louise,Wilkinson,Southern Methodist University,Rosalind,M Given-Wilson,New York University,Rita,McAvinchey,Southwest Airlines,Kenneth,C Young,American Airlines
Online Sketch-based Query Optimization,IEEE Transactions on Knowledge and Data Engineering,2021,03,20,Yesdaulet,Izenov,University of Michigan,Asoke,Datta,IBM,Florin,Rusu,Huntingdon College,Jun,Hyung Shin,Auburn University
A Dynamic 3D Spontaneous Micro-expression Database: Establishment and Evaluation,IEEE Transactions on Big Data,2021,03,28,Fengping,Wang,State Farm,Jie,Li,,Chun,Qi,Troy University,Yun,Zhang,,Danmin,Miao,Sofft Layer
A computational study on imputation methods for missing environmental data,IEEE Transactions on Big Data,2021,03,28,Paul,Dixneuf,,Fausto,Errico,Yale,Mathias,Glaus,American Airlines
"Consistency, Acyclicity, and Positive Semirings",IEEE Transactions on Big Data,2020,03,27,Albert,Atserias,State Farm,Phokion,G. Kolaitis,
A Relational Matrix Algebra and its Implementation in a Column Store,IEEE Transactions on Big Data,2020,03,27,Oksana,Dolmatova,Sofft Layer,Nikolaus,Augsten,Huntingdon College,Michael,H. Boehlen,New York University
Invariance to ordinal transformations in rank-aware databases,IEEE Transactions on Knowledge and Data Engineering,2016,03,15,Vilem,Vychodil,IBM
Usable & Scalable Learning Over Relational Data With Automatic Language Bias,IEEE Transactions on Knowledge and Data Engineering,2017,03,16,Jose,Picado,Auburn University,Arash,Termehchy,Huntingdon College,Sudhanshu,Pathak,State Farm,Alan,Fern,State Farm,Praveen,Ilango,Auburn University,Yunqiao,Cai,New York University
Query Preserving Watermarking Schemes for Locally Treelike Databases,Journal of Big Data,2019,01,,Agnishom,Chattopadhyay,University of Alaska,M.,Praveen,University of Alaska
AC/DC: In-Database Learning Thunderstruck,Journal of Big Data,2018,01,,Mahmoud,Abo Khamis,Huntingdon College,Hung,Q. Ngo,IBM,XuanLong,Nguyen,Boston College,Dan,Olteanu,,Maximilian,Schleich,Auburn University
FoundationDB Record Layer: A Multi-Tenant Structured Datastore,IEEE Transactions on Big Data,2019,03,26,Christos,Chrysafis,Huntingdon College,Ben,Collins,State Farm,Scott,Dugas,Sofft Layer,Jay,Dunkelberger,IBM,Moussa,Ehsan,Sofft Layer,Scott,Gray,Troy University,Alec,Grieser,Boston College,Ori,Herrnstadt,University of Alaska,Kfir,Lev-Ari,Yale,Tao,Lin,Auburn University,Mike,McMahon,Stanford,Nicholas,Schiefer,American Airlines,Alexander,Shraer,Yale
Data warehouse on Manpower Employment for Decision Support System,IEEE Transactions on Big Data,2019,03,26,Amro,F. Alasta,,Muftah,A. Enaba,Southwest Airlines
Tuple-Independent Representations of Infinite Probabilistic Databases,IEEE Transactions on Big Data,2020,03,27,Nofar,Carmeli,IBM,Martin,Grohe,Southern Methodist University,Peter,Lindner,State Farm,Christoph,Standke,University of Alaska
An Algebraic Approach for High-level Text Analytics,Journal of Big Data,2020,01,,Xiuwen,Zheng,University of Alaska,Amarnath,Gupta,Boston College
Subjective Assessment of H.264 Compressed Stereoscopic Video,IEEE Transactions on Big Data,2016,03,23,Manasa,K,Southern Methodist University,Balasubramanyam,Appina,Troy University,Sumohana,S. Channappayya,Yale
Mapping Data to Ontologies with Exceptions Using Answer Set Programming,Journal of Big Data,2016,01,,Daniel,P. Lupp,Boston College,Evgenij,Thorstensen,IBM
Database-Backed Web Applications in the Wild: How Well Do They Work?,Journal of Big Data,2016,01,,Cong,Yan,University of Alaska,Alvin,Cheung,Southern Methodist University,Shan,Lu,IBM
On Desirable Semantics of Functional Dependencies over Databases with Incomplete Information,IEEE Transactions on Big Data,2017,03,24,Antonio,Badia,USAA,Daniel,Lemire,Southern Methodist University
An Experimental Study of the Treewidth of Real-World Graph Data (Extended Version),Journal of Big Data,2019,01,,Silviu,Maniu,Southwest Airlines,Pierre,Senellart,,Suraj,Jog,Southern Methodist University
Fast Join Project Query Evaluation using Matrix Multiplication,Journal of Big Data,2020,01,,Shaleen,Deep,American Airlines,Xiao,Hu,Sofft Layer,Paraschos,Koutris,Stanford
Dynamic Merkle B-tree with Efficient Proofs,IEEE Transactions on Knowledge and Data Engineering,2020,03,19,Chase,Smith,Auburn University,Alex,Rusnak,
Aggregate Analytic Window Query over Spatial Data,IEEE Transactions on Knowledge and Data Engineering,2020,03,19,Xing,Shi,Southern Methodist University,Chao,Wang,
Infant Cry Classification with Graph Convolutional Networks,IEEE Transactions on Knowledge and Data Engineering,2021,03,20,Chunyan,Ji,American Airlines,Ming,Chen,,Bin,Li,Troy University,Yi,Pan,University of Alaska
"MillenniumDB: A Persistent, Open-Source, Graph Database",Journal of Big Data,2021,01,,Domagoj,Vrgoc,Sofft Layer,Carlos,Rojas,Southern Methodist University,Renzo,Angles,American Airlines,Marcelo,Arenas,Boston College,Diego,Arroyuelo,New York University,Carlos,Buil Aranda,Stanford,Aidan,Hogan,University of Alaska,Gonzalo,Navarro,,Cristian,Riveros,State Farm,Juan,Romero,University of Alaska
Memory-Efficient Group-by Aggregates over Multi-Way Joins,IEEE Transactions on Knowledge and Data Engineering,2019,03,18,Konstantinos,Xirogiannopoulos,,Amol,Deshpande,IBM
Deriving Application Level Relationships by Analysing the Run Time Behaviour of Simple and Complex SQL Queries,IEEE Transactions on Knowledge and Data Engineering,2016,03,15,Girish,Sundaram,Stanford,Mudit,Bachhawat,Southwest Airlines
Mining Non-Redundant Local Process Models From Sequence Databases,Journal of Big Data,2017,01,,Niek,Tax,Sofft Layer,Marlon,Dumas,Yale
A Signaling Game Approach to Databases Querying and Interaction,IEEE Transactions on Big Data,2016,03,23,Ben,McCamish,IBM,Vahid,Ghadakchi,Huntingdon College,Arash,Termehchy,Huntingdon College,Behrouz,Touri,University of Michigan
Power Flow Analysis Using Graph based Combination of Iterative Methods and Vertex Contraction Approach,IEEE Transactions on Knowledge and Data Engineering,2018,03,17,Chen,Yuan,,Guangyi,Liu,IBM,Renchang,Dai,Stanford,Zhiwei,Wang,Sofft Layer
Multiple Face Analyses through Adversarial Learning,IEEE Transactions on Big Data,2019,03,26,Shangfei,Wang,USAA,Shi,Yin,University of Alaska,Longfei,Hao,Troy University,Guang,Liang,Boston College
ER model Partitioning: Towards Trustworthy Automated Systems Development,Journal of Big Data,2020,01,,Dhammika,Pieris,Auburn University,M.,C Wijegunesekera,USAA,N.,G. J Dias,State Farm
Growth rates of modern science: A latent piecewise growth curve approach to model publication numbers from established and new literature databases,IEEE Transactions on Knowledge and Data Engineering,2020,03,19,Lutz,Bornmann,,Robin,Haunschild,Huntingdon College,Ruediger,Mutz,American Airlines
Stochastic Package Queries in Probabilistic Databases,IEEE Transactions on Knowledge and Data Engineering,2021,03,20,Matteo,Brucato,Sofft Layer,Nishant,Yadav,New York University,Azza,Abouzied,New York University,Peter,J. Haas,Sofft Layer,Alexandra,Meliou,New York University
Optimizing Federated Queries Based on the Physical Design of a Data Lake,Journal of Big Data,2020,01,,Philipp,D. Rohde,Southwest Airlines,Maria-Esther,Vidal,Stanford
Rare Association Rule Mining for Network Intrusion Detection,IEEE Transactions on Big Data,2016,03,23,Hyeok,Kong,University of Michigan,Cholyong,Jong,Boston College,Unhyok,Ryang,University of Michigan
Equivariant Entity-Relationship Networks,IEEE Transactions on Knowledge and Data Engineering,2019,03,18,Devon,Graham,Huntingdon College,Junhao,Wang,,Siamak,Ravanbakhsh,State Farm
A Migratory Near Memory Processing Architecture Applied to Big Data Problems,IEEE Transactions on Big Data,2020,03,27,Ed,T. Upchurch,University of Alaska
A Survey of Distant Supervision Methods using PGMs,Journal of Big Data,2017,01,,Gagan,Madan,Southern Methodist University
Deep Learning with Eigenvalue Decay Regularizer,IEEE Transactions on Big Data,2016,03,23,Oswaldo,Ludwig,Sofft Layer
Proceedings of Symposium on Data Mining Applications 2014,IEEE Transactions on Big Data,2020,03,27,Basit,Qureshi,Southwest Airlines,Yasir,Javed,Boston College
Waiting Times for Ties in Random Competitions,Journal of Big Data,2021,01,,Ivan,Matic,Auburn University
Is 2NF a Stable Normal Form?,IEEE Transactions on Knowledge and Data Engineering,2021,03,20,Amir,Sapir,Southwest Airlines,Ariel,Sapir,Sofft Layer
Distributed Query Processing Plans generation using Teacher Learner Based Optimization,IEEE Transactions on Knowledge and Data Engineering,2016,03,15,Vikash,Mishra,Boston College,Vikram,Singh,State Farm
Actor-Relational Database Systems: A Manifesto,IEEE Transactions on Big Data,2017,03,24,Vivek,Shah,Yale,Marcos,Antonio Vaz Salles,
HoTTSQL: Proving Query Rewrites with Univalent SQL Semantics,IEEE Transactions on Big Data,2016,03,23,Shumo,Chu,,Konstantin,Weitz,Auburn University,Alvin,Cheung,Southern Methodist University,Dan,Suciu,Boston College
Quantitative Error Prediction of Medical Image Registration using Regression Forests,IEEE Transactions on Knowledge and Data Engineering,2019,03,18,Hessam,Sokooti,Sofft Layer,Gorkem,Saygili,Sofft Layer,Ben,Glocker,Southwest Airlines,Boudewijn,P. F. Lelieveldt,American Airlines,Marius,Staring,New York University
Relational Learning between Multiple Pulmonary Nodules via Deep Set Attention Transformers,IEEE Transactions on Big Data,2020,03,27,Jiancheng,Yang,New York University,Haoran,Deng,New York University,Xiaoyang,Huang,Huntingdon College,Bingbing,Ni,Huntingdon College,Yi,Xu,Yale
Pre and Post Counting for Scalable Statistical-Relational Model Discovery,Journal of Big Data,2021,01,,Richard,Mar,,Oliver,Schulte,USAA
A collection of database industrial techniques and optimization approaches of database operations,IEEE Transactions on Big Data,2018,03,25,Jasper,Kyle Catapang,Auburn University
Functional Aggregate Queries with Additive Inequalities,IEEE Transactions on Big Data,2018,03,25,Mahmoud,Abo Khamis,Huntingdon College,Ryan,R. Curtin,Stanford,Benjamin,Moseley,Southern Methodist University,Hung,Q. Ngo,IBM,XuanLong,Nguyen,Boston College,Dan,Olteanu,,Maximilian,Schleich,Auburn University
Relational lattices via duality,IEEE Transactions on Knowledge and Data Engineering,2016,03,15,Luigi,Santocanale,Stanford
Automated Migration of Hierarchical Data to Relational Tables using Programming-by-Example,Journal of Big Data,2017,01,,Navid,Yaghmazadeh,Sofft Layer,Xinyu,Wang,Boston College,Isil,Dillig,University of Michigan
Lifted Relational Algebra with Recursion and Connections to Modal Logic,IEEE Transactions on Big Data,2016,03,23,Eugenia,Ternovska,Huntingdon College
A Methodology to Generate Virtual Patient Repositories,IEEE Transactions on Knowledge and Data Engineering,2016,03,15,Uri,Kartoun,USAA
On the automated verification of web applications with embedded SQL,Journal of Big Data,2016,01,,Shachar,Itzhaky,Stanford,Tomer,Kotek,University of Michigan,Noam,Rinetzky,State Farm,Mooly,Sagiv,Southern Methodist University,Orr,Tamir,University of Alaska,Helmut,Veith,American Airlines,Florian,Zuleger,
HuGaDB: Human Gait Database for Activity Recognition from Wearable Inertial Sensor Networks,IEEE Transactions on Knowledge and Data Engineering,2017,03,16,Roman,Chereshnev,University of Alaska,Attila,Kertesz-Farkas,Sofft Layer
SPARQL over GraphX,Journal of Big Data,2017,01,,Besat,Kassaie,Stanford
Developing indicators on Open Access by combining evidence from diverse data sources,IEEE Transactions on Big Data,2018,03,25,Thed,van Leeuwen,State Farm,Ingeborg,Meijer,University of Alaska,Alfredo,Yegros-Yegros,State Farm,Rodrigo,Costas,Boston College
A Tempt to Unify Heterogeneous Driving Databases using Traffic Primitives,IEEE Transactions on Big Data,2018,03,25,Jiacheng,Zhu,University of Michigan,Wenshuo,Wang,University of Michigan,Ding,Zhao,Troy University
OCTID: Optical Coherence Tomography Image Database,Journal of Big Data,2018,01,,Peyman,Gholami,University of Michigan,Priyanka,Roy,Yale,Mohana,Kuppuswamy Parthasarathy,State Farm,Vasudevan,Lakshminarayanan,Huntingdon College
Integrating Association Rules with Decision Trees in Object-Relational Databases,Journal of Big Data,2019,01,,Maruthi,Rohit Ayyagari,Huntingdon College
Harmonise and integrate heterogeneous areal data with the R package arealDB,Journal of Big Data,2019,01,,Steffen,Ehrmann,State Farm,Ralf,Seppelt,American Airlines,Carsten,Meyer,
Image retrieval approach based on local texture information derived from predefined patterns and spatial domain information,Journal of Big Data,2019,01,,Nazgol,Hor,Auburn University,Shervan,Fekri-Ershad,Southwest Airlines
Snel: SQL Native Execution for LLVM,Journal of Big Data,2020,01,,Marcelo,Mottalli,,Alejo,Sanchez,New York University,Gustavo,Ajzenman,University of Alaska,Carlos,Sarraute,State Farm
ShadowGNN: Graph Projection Neural Network for Text-to-SQL Parser,IEEE Transactions on Knowledge and Data Engineering,2021,03,20,Zhi,Chen,Southern Methodist University,Lu,Chen,Huntingdon College,Yanbin,Zhao,Boston College,Ruisheng,Cao,State Farm,Zihan,Xu,State Farm,Su,Zhu,Stanford,Kai,Yu,Southwest Airlines
Semantic Parsing Natural Language into Relational Algebra,IEEE Transactions on Big Data,2021,03,28,Ruiyang,Xu,Stanford,Ayush,Singh,Stanford
Columnar Formats for Schemaless LSM-based Document Stores,IEEE Transactions on Big Data,2021,03,28,Wail,Y. Alkowaileet,Southwest Airlines,Michael,J. Carey,USAA
Complexity of Consistent Query Answering in Databases under Cardinality-Based and Incremental Repair Semantics (extended version),IEEE Transactions on Big Data,2016,03,23,Andrei,Lopatenko,Auburn University,Leopoldo,Bertossi,American Airlines
Iterative Manifold Embedding Layer Learned by Incomplete Data for Large-scale Image Retrieval,IEEE Transactions on Big Data,2017,03,24,Jian,Xu,Sofft Layer,Chunheng,Wang,,Chengzuo,Qi,New York University,Cunzhao,Shi,Southwest Airlines,Baihua,Xiao,Auburn University
Assessing Achievability of Queries and Constraints,IEEE Transactions on Big Data,2017,03,24,Rada,Chirkova,Huntingdon College,Jon,Doyle,,Juan,L. Reutter,New York University
Temporal Data Exchange,Journal of Big Data,2016,01,,Ladan,Golshanara,Yale,Jan,Chomicki,Yale
Answering Conjunctive Queries under Updates,IEEE Transactions on Knowledge and Data Engineering,2017,03,16,Christoph,Berkholz,University of Alaska,Jens,Keppeler,American Airlines,Nicole,Schweikardt,Auburn University
The ExoMol database: molecular line lists for exoplanet and other hot atmospheres,IEEE Transactions on Knowledge and Data Engineering,2016,03,15,Jonathan,Tennyson,Troy University,Sergei,N. Yurchenko,,Ahmed,F. Al-Refaie,State Farm,Emma,J. Barton,Southwest Airlines,Katy,L. Chubb,,Phillip,A. Coles,Southwest Airlines,S.,Diamantopoulou,Yale,Maire,N. Gorman,Huntingdon College,Christian,Hill,IBM,Aden,Z. Lam,Troy University,Lorenzo,Lodi,,Laura,K. McKemmish,Southern Methodist University,Yueqi,Na,,Alec,Owens,Southwest Airlines,Oleg,L. Polyansky,University of Michigan,Clara,Sousa-Silva,Troy University,Daniel,S. Underwood,Southwest Airlines,Andrey,Yachmenev,Southern Methodist University,Emil,Zak,Boston College
High Performance Negative Database for Massive Data Management System of The Mingantu Spectral Radioheliograph,Journal of Big Data,2017,01,,Congming,Shi,Southern Methodist University,Feng,Wang,University of Michigan,Hui,Deng,Southwest Airlines,Yingbo,Liu,American Airlines,Cuiyin,Liu,State Farm,Shoulin,Wei,State Farm
The Case for Deep Query Optimisation,IEEE Transactions on Knowledge and Data Engineering,2019,03,18,Jens,Dittrich,Yale,Joris,Nix,State Farm
Prediction of Horizontal Data Partitioning Through Query Execution Cost Estimation,IEEE Transactions on Big Data,2019,03,26,Nino,Arsov,University of Michigan,Goran,Velinov,IBM,Aleksandar,S. Dimovski,University of Alaska,Bojana,Koteska,Southwest Airlines,Dragan,Sahpaski,,Margina,Kon-Popovska,State Farm
Designing a Bit-Based Model to Accelerate Query Processing Over Encrypted Databases in Cloud,IEEE Transactions on Knowledge and Data Engineering,2020,03,19,Sultan,Almakdi,USAA,Brajendra,Panda,IBM
A Dichotomy for the Generalized Model Counting Problem for Unions of Conjunctive Queries,IEEE Transactions on Big Data,2020,03,27,Batya,Kenig,Sofft Layer,Dan,Suciu,Boston College
Checking Causal Consistency of Distributed Databases,IEEE Transactions on Knowledge and Data Engineering,2020,03,19,Rachid,Zennou,University of Alaska,Ranadeep,Biswas,University of Michigan,Ahmed,Bouajjani,USAA,Constantin,Enea,,Mohammed,Erradi,Troy University
TechNet: Technology Semantic Network Based on Patent Data,Journal of Big Data,2019,01,,Serhad,Sarica,New York University,Jianxi,Luo,University of Alaska,Kristin,L. Wood,Yale
"Bibliometric analysis on mathematics, 3 snapshots: 2005, 2010, 2015",Journal of Big Data,2021,01,,Serge,Richard,Stanford,Qiwen,Sun,State Farm
Enforcing Relational Matching Dependencies with Datalog for Entity Resolution,IEEE Transactions on Knowledge and Data Engineering,2016,03,15,Zeinab,Bahmani,Boston College,Leopoldo,Bertossi,American Airlines
OpBerg: Discovering causal sentences using optimal alignments,IEEE Transactions on Knowledge and Data Engineering,2019,03,18,Justin,Wood,Huntingdon College,Nicholas,J. Matiasz,Boston College,Alcino,J. Silva,,William,Hsu,,Alexej,Abyzov,USAA,Wei,Wang,New York University
Programmable View Update Strategies on Relations,IEEE Transactions on Knowledge and Data Engineering,2019,03,18,Van-Dang,Tran,Auburn University,Hiroyuki,Kato,Stanford,Zhenjiang,Hu,Auburn University
"IMDb data from Two Generations, from 1979 to 2019; Part one, Dataset Introduction and Preliminary Analysis",IEEE Transactions on Big Data,2020,03,27,M.,Bahraminasr,Southwest Airlines,A.,Vafaei Sadr,American Airlines
Secure Machine Learning over Relational Data,IEEE Transactions on Knowledge and Data Engineering,2021,03,20,Qiyao,Luo,Sofft Layer,Yilei,Wang,Troy University,Zhenghang,Ren,University of Alaska,Ke,Yi,,Kai,Chen,Southwest Airlines,Xiao,Wang,Troy University
Marketing Impact on Diffusion in Social Networks,Journal of Big Data,2016,01,,Pavel,Naumov,Southwest Airlines,Jia,Tao,Sofft Layer
Approximate Relational Hoare Logic for Continuous Random Samplings,IEEE Transactions on Knowledge and Data Engineering,2016,03,15,Tetsuya,Sato,State Farm
Rough Contact in General Rough Mereology,IEEE Transactions on Big Data,2019,03,26,A.,Mani,Yale
Local Embeddings for Relational Data Integration,IEEE Transactions on Knowledge and Data Engineering,2019,03,18,Riccardo,Cappuzzo,New York University,Paolo,Papotti,Stanford,Saravanan,Thirumuruganathan,USAA
Listen to Your Face: Inferring Facial Action Units from Audio Channel,Journal of Big Data,2017,01,,Zibo,Meng,American Airlines,Shizhong,Han,Auburn University,Yan,Tong,USAA
The coverage of Microsoft Academic: Analyzing the publication output of a university,Journal of Big Data,2017,01,,Sven,E. Hug,,Martin,P. Braendle,Southwest Airlines
Spatio-Temporal Facial Expression Recognition Using Convolutional Neural Networks and Conditional Random Fields,Journal of Big Data,2017,01,,Behzad,Hasani,IBM,Mohammad,H. Mahoor,Huntingdon College
Local Directional Relation Pattern for Unconstrained and Robust Face Retrieval,IEEE Transactions on Knowledge and Data Engineering,2017,03,16,Shiv,Ram Dubey,American Airlines
Optimal Joins using Compact Data Structures,IEEE Transactions on Knowledge and Data Engineering,2019,03,18,Gonzalo,Navarro,,Juan,L. Reutter,New York University,Javiel,Rojas-Ledesma,Boston College
GrAALF:Supporting Graphical Analysis of Audit Logs for Forensics,IEEE Transactions on Knowledge and Data Engineering,2019,03,18,Omid,Setayeshfar,New York University,Christian,Adkins,,Matthew,Jones,Southern Methodist University,Kyu,Hyung Lee,University of Alaska,Prashant,Doshi,Southwest Airlines
When is Ontology-Mediated Querying Efficient?,IEEE Transactions on Big Data,2020,03,27,Pablo,Barcelo,Yale,Cristina,Feier,,Carsten,Lutz,American Airlines,Andreas,Pieris,Huntingdon College
Extracting Entities and Topics from News and Connecting Criminal Records,IEEE Transactions on Big Data,2020,03,27,Quang,Pham,Southwest Airlines,Marija,Stanojevic,,Zoran,Obradovic,Southwest Airlines
Privacy-Related Consequences of Turkish Citizen Database Leak,IEEE Transactions on Knowledge and Data Engineering,2016,03,15,Erin,Avllazagaj,Sofft Layer,Erman,Ayday,Yale,A.,Ercument Cicek,Boston College
Learning Tuple Probabilities,IEEE Transactions on Knowledge and Data Engineering,2016,03,15,Maximilian,Dylla,American Airlines,Martin,Theobald,Southwest Airlines
Facial Expression Recognition Using Enhanced Deep 3D Convolutional Neural Networks,IEEE Transactions on Knowledge and Data Engineering,2017,03,16,Behzad,Hasani,IBM,Mohammad,H. Mahoor,Huntingdon College
Towards declarative comparabilities: application to functional dependencies,IEEE Transactions on Big Data,2019,03,26,Lhouari,Nourine,Yale,Jean,Marc Petit,Huntingdon College,Simon,Vilmin,Auburn University
Multi-layer Optimizations for End-to-End Data Analytics,IEEE Transactions on Big Data,2020,03,27,Amir,Shaikhha,Troy University,Maximilian,Schleich,Auburn University,Alexandru,Ghita,Southern Methodist University,Dan,Olteanu,
Siamese Graph Neural Networks for Data Integration,IEEE Transactions on Big Data,2020,03,27,Evgeny,Krivosheev,,Mattia,Atzeni,USAA,Katsiaryna,Mirylenka,State Farm,Paolo,Scotton,New York University,Fabio,Casati,USAA
Analysis of the quotation corpus of the Russian Wiktionary,IEEE Transactions on Big Data,2020,03,27,A.,Smirnov,Troy University,T.,Levashova,Southwest Airlines,A.,Karpov,Stanford,I.,Kipyatkova,American Airlines,A.,Ronzhin,Boston College,A.,Krizhanovsky,IBM,N.,Krizhanovsky,Troy University
Controllable Descendant Face Synthesis,IEEE Transactions on Big Data,2020,03,27,Yong,Zhang,New York University,Le,Li,New York University,Zhilei,Liu,IBM,Baoyuan,Wu,University of Michigan,Yanbo,Fan,USAA,Zhifeng,Li,University of Alaska
SPIDER: Selective Plotting of Interconnected Data and Entity Relations,Journal of Big Data,2020,01,,Pranav,Addepalli,USAA,Eric,Wu,Auburn University,Douglas,Bossart,University of Michigan,Christina,Lin,,Allistar,Smith,Boston College
A theoretical scenario for Galactic RR Lyrae in the Gaia database: constraints on the parallax offset,IEEE Transactions on Knowledge and Data Engineering,2020,03,19,Marcella,Marconi,IBM,Roberto,Molinaro,Southwest Airlines,Vincenzo,Ripepi,,Silvio,Leccia,University of Michigan,Ilaria,Musella,Yale,Giulia,De Somma,American Airlines,Massimiliano,Gatto,New York University,Maria,Ida Moretti,USAA
Bridging Textual and Tabular Data for Cross-Domain Text-to-SQL Semantic Parsing,IEEE Transactions on Knowledge and Data Engineering,2020,03,19,Xi,Victoria Lin,Stanford,Richard,Socher,Southern Methodist University,Caiming,Xiong,Southwest Airlines
MEBN-RM: A Mapping between Multi-Entity Bayesian Network and Relational Model,IEEE Transactions on Knowledge and Data Engineering,2018,03,17,Cheol,Young Park,,Kathryn,Blackmond Laskey,
Relational Memory: Native In-Memory Accesses on Rows and Columns,Journal of Big Data,2021,01,,Shahin,Roozkhosh,Huntingdon College,Denis,Hoornaert,,Ju,Hyoung Mun,Huntingdon College,Tarikul,Islam Papon,Huntingdon College,Ulrich,Drepper,American Airlines,Renato,Mancuso,University of Michigan,Manos,Athanassoulis,Troy University
The Complexity of Computing a Cardinality Repair for Functional Dependencies,IEEE Transactions on Knowledge and Data Engineering,2017,03,16,Ester,Livshits,Stanford,Benny,Kimelfeld,State Farm
Order Effects for Queries in Intelligent Systems,IEEE Transactions on Knowledge and Data Engineering,2018,03,17,Subhash,Kak,Yale
Towards a Complete Picture of Lens Laws,IEEE Transactions on Big Data,2019,03,26,Keisuke,Nakano,University of Michigan
Data Migration using Datalog Program Synthesis,IEEE Transactions on Big Data,2020,03,27,Yuepeng,Wang,American Airlines,Rushi,Shah,IBM,Abby,Criswell,Sofft Layer,Rong,Pan,Auburn University,Isil,Dillig,University of Michigan
Let's HPC: A web-based interactive platform to aid High Performance Computing education,Journal of Big Data,2017,01,,Akshar,Varma,Huntingdon College,Yashwant,Keswani,Southwest Airlines,Yashodhan,Bhatnagar,Southern Methodist University,Bhaskar,Chaudhury,University of Alaska
The Relational Data Borg is Learning,IEEE Transactions on Knowledge and Data Engineering,2020,03,19,Dan,Olteanu,
VIALACTEA knowledge base homogenizing access to Milky Way data,IEEE Transactions on Big Data,2016,03,23,Marco,Molinaro,American Airlines,Robert,Butora,IBM,Marilena,Bandieramonte,Southern Methodist University,Ugo,Becciani,Stanford,Massimo,Brescia,American Airlines,Stefano,Cavuoti,Sofft Layer,Alessandro,Costa,Yale,Anna,M. Di Giorgio,Troy University,Davide,Elia,New York University,Akos,Hajnal,New York University,Hermann,Gabor,American Airlines,Peter,Kacsuk,Yale,Scige,J. Liu,American Airlines,Sergio,Molinari,University of Alaska,Giuseppe,Riccio,Sofft Layer,Eugenio,Schisano,New York University,Eva,Sciacca,State Farm,Riccardo,Smareglia,Huntingdon College,Fabio,Vitello,American Airlines
Risk-Averse Matchings over Uncertain Graph Databases,IEEE Transactions on Knowledge and Data Engineering,2018,03,17,Charalampos,E. Tsourakakis,,Shreyas,Sekar,Sofft Layer,Johnson,Lam,Stanford,Liu,Yang,USAA
Partial-wave analysis of proton Compton scattering data below the pion-production threshold,IEEE Transactions on Knowledge and Data Engineering,2017,03,16,Nadiia,Krupina,Troy University,Vadim,Lensky,University of Alaska,Vladimir,Pascalutsa,Stanford
The BigDAWG Polystore System and Architecture,Journal of Big Data,2016,01,,Vijay,Gadepally,,Peinan,Chen,State Farm,Jennie,Duggan,Auburn University,Aaron,Elmore,Troy University,Brandon,Haynes,State Farm,Jeremy,Kepner,,Samuel,Madden,USAA,Tim,Mattson,Huntingdon College,Michael,Stonebraker,State Farm
Evolutionary Data Systems,Journal of Big Data,2017,01,,Stratos,Idreos,Boston College,Lukas,M. Maas,Huntingdon College,Mike,S. Kester,Southwest Airlines
Unique Entity Estimation with Application to the Syrian Conflict,IEEE Transactions on Big Data,2017,03,24,Beidi,Chen,Stanford,Anshumali,Shrivastava,Yale,Rebecca,C. Steorts,IBM
Sunstardb: a database for the study of stellar magnetism and the solar-stellar connection,IEEE Transactions on Big Data,2018,03,25,Ricky,Egeland,Sofft Layer
Answering UCQs under updates and in the presence of integrity constraints,IEEE Transactions on Big Data,2017,03,24,Christoph,Berkholz,University of Alaska,Jens,Keppeler,American Airlines,Nicole,Schweikardt,Auburn University
Accelerating Generalized Linear Models with MLWeaving: A One-Size-Fits-All System for Any-precision Learning (Technical Report),Journal of Big Data,2019,01,,Zeke,Wang,University of Alaska,Kaan,Kara,American Airlines,Hantian,Zhang,Yale,Gustavo,Alonso,American Airlines,Onur,Mutlu,American Airlines,Ce,Zhang,Stanford
The Capacity of Single-Server Weakly-Private Information Retrieval,IEEE Transactions on Big Data,2020,03,27,Hsuan-Yin,Lin,Huntingdon College,Siddhartha,Kumar,Stanford,Eirik,Rosnes,Auburn University,Alexandre,Graell i Amat,Southern Methodist University,Eitan,Yaakobi,Auburn University
Accelerating Big-Data Sorting Through Programmable Switches,IEEE Transactions on Knowledge and Data Engineering,2021,03,20,Yamit,Barshatz-Schneor,University of Michigan,Roy,Friedman,
"Retracted papers by Iranian authors: Causes, journals, time lags, affiliations, collaborations",Journal of Big Data,2021,01,,Ali,Ghorbi,University of Alaska,Mohsen,Fazeli-Varzaneh,,Erfan,Ghaderi-Azad,Boston College,Marcel,Ausloos,New York University,Marcin,Kozak,New York University
ProcK: Machine Learning for Knowledge-Intensive Processes,Journal of Big Data,2021,01,,Tobias,Jacobs,University of Michigan,Jingyi,Yu,American Airlines,Julia,Gastinger,Southern Methodist University,Timo,Sztyler,Boston College
Conceptual Data Modeling: Entity-Relationship Models as Thinging Machines,IEEE Transactions on Knowledge and Data Engineering,2021,03,20,Sabah,Al-Fedaghi,Southern Methodist University
Spatial-Temporal Cluster Relations -- A Foundation for Trajectory Cluster Lifetime Analysis,IEEE Transactions on Knowledge and Data Engineering,2019,03,18,Ivens,Portugal,Southern Methodist University,Paulo,Alencar,Boston College,Donald,Cowan,Stanford
Query Embedding on Hyper-relational Knowledge Graphs,IEEE Transactions on Big Data,2021,03,28,Dimitrios,Alivanistos,University of Alaska,Max,Berrendorf,Southern Methodist University,Michael,Cochez,Huntingdon College,Mikhail,Galkin,USAA
The Causality/Repair Connection in Databases: Causality-Programs,IEEE Transactions on Big Data,2017,03,24,Leopoldo,Bertossi,American Airlines
ERBlox: Combining Matching Dependencies with Machine Learning for Entity Resolution,IEEE Transactions on Knowledge and Data Engineering,2016,03,15,Zeinab,Bahmani,Boston College,Leopoldo,Bertossi,American Airlines,Nikolaos,Vasiloglou,University of Alaska
OBDA Constraints for Effective Query Answering (Extended Version),Journal of Big Data,2016,01,,Dag,Hovland,Southwest Airlines,Davide,Lanti,University of Alaska,Martin,Rezk,American Airlines,Guohui,Xiao,State Farm
ROSIE: Runtime Optimization of SPARQL Queries Using Incremental Evaluation,IEEE Transactions on Big Data,2016,03,23,Lei,Gai,State Farm,Wei,Chen,Troy University,Tengjiao,Wang,American Airlines
Order Invariance on Decomposable Structures,IEEE Transactions on Knowledge and Data Engineering,2016,03,15,Michael,Elberfeld,Auburn University,Marlin,Frickenschmidt,Boston College,Martin,Grohe,Southern Methodist University
ILGNet: Inception Modules with Connected Local and Global Features for Efficient Image Aesthetic Quality Classification using Domain Adaptation,Journal of Big Data,2016,01,,Xin,Jin,Troy University,Le,Wu,American Airlines,Xiaodong,Li,State Farm,Xiaokun,Zhang,University of Michigan,Jingying,Chi,University of Michigan,Siwei,Peng,Boston College,Shiming,Ge,Auburn University,Geng,Zhao,Sofft Layer,Shuying,Li,
First-Order Query Evaluation with Cardinality Conditions,IEEE Transactions on Big Data,2017,03,24,Martin,Grohe,Southern Methodist University,Nicole,Schweikardt,Auburn University
Ensuring Privacy with Constrained Additive Noise by Minimizing Fisher Information,Journal of Big Data,2018,01,,Farhad,Farokhi,,Henrik,Sandberg,New York University
Correct classification for big/smart/fast data machine learning,Journal of Big Data,2016,01,,Sander,Stepanov,Boston College
ROCKER: A Refinement Operator for Key Discovery,IEEE Transactions on Big Data,2017,03,24,Tommaso,Soru,USAA,Edgard,Marx,Yale,Axel-Cyrille,Ngonga Ngomo,American Airlines
The Bag Semantics of Ontology-Based Data Access,IEEE Transactions on Knowledge and Data Engineering,2017,03,16,Charalampos,Nikolaou,Stanford,Egor,V. Kostylev,Southern Methodist University,George,Konstantinidis,Boston College,Mark,Kaminski,USAA,Bernardo,Cuenca Grau,Troy University,Ian,Horrocks,Southern Methodist University
Approximate Query Matching for Image Retrieval,Journal of Big Data,2018,01,,Abhijit,Suprem,Stanford,Polo,Chau,
The Hong Kong/AAO/Strasbourg Halpha (HASH) Planetary Nebula Database,IEEE Transactions on Knowledge and Data Engineering,2016,03,15,I.,S. Bojicic,New York University,Q.,A. Parker,IBM,D.,J. Frew,Boston College
Performance Characterization of Image Feature Detectors in Relation to the Scene Content Utilizing a Large Image Database,IEEE Transactions on Big Data,2017,03,24,Bruno,Ferrarini,Auburn University,Shoaib,Ehsan,New York University,Ales,Leonardis,Huntingdon College,Naveed,Ur Rehman,USAA,Klaus,D. McDonald-Maier,University of Alaska
Coverless information hiding based on Generative Model,IEEE Transactions on Big Data,2018,03,25,Xintao,Duan,Boston College,Haoxian,Song,Troy University
An EEG pre-processing technique for the fast recognition of motor imagery movements,IEEE Transactions on Knowledge and Data Engineering,2018,03,17,Kalogiannis,Gregory,Boston College,Kapsimanis,George,State Farm,Hassapis,George,Stanford
Distributed Statistical Estimation of Matrix Products with Applications,IEEE Transactions on Big Data,2018,03,25,David,P. Woodruff,Southwest Airlines,Qin,Zhang,
FirstLight III: Rest-frame UV-optical spectral energy distributions of simulated galaxies at cosmic dawn,IEEE Transactions on Big Data,2018,03,25,Daniel,Ceverino,,Ralf,Klessen,Boston College,Simon,Glover,USAA
Adding Value by Combining Business and Sensor Data: An Industry 4.0 Use Case,Journal of Big Data,2019,01,,Guenter,Hesse,Yale,Christoph,Matthies,Auburn University,Werner,Sinzig,Southwest Airlines,Matthias,Uflacker,Stanford
An Approach Based on Bayesian Networks for Query Selectivity Estimation,IEEE Transactions on Knowledge and Data Engineering,2019,03,18,Max,Halford,Southern Methodist University,Philippe,Saint-Pierre,Huntingdon College,Frank,Morvan,New York University
Breaking the MDS-PIR Capacity Barrier via Joint Storage Coding,IEEE Transactions on Big Data,2019,03,26,Hua,Sun,Southern Methodist University,Chao,Tian,
Off-Line Arabic Handwritten Words Segmentation using Morphological Operators,IEEE Transactions on Big Data,2021,03,28,Nisreen,AbdAllah,,Serestina,Viriri,Southwest Airlines
GP: Context-free Grammar Pre-training for Text-to-SQL Parsers,IEEE Transactions on Big Data,2021,03,28,Liang,Zhao,Troy University,Hexin,Cao,Southern Methodist University,Yunsong,Zhao,Auburn University
Interactive Query Formulation using Point to Point Queries,Journal of Big Data,2021,01,,Henderik,Alex Proper,
Vertex-centric Parallel Computation of SQL Queries,Journal of Big Data,2021,01,,Ainur,Smagulova,USAA,Alin,Deutsch,University of Michigan
Meta-Mining Discriminative Samples for Kinship Verification,IEEE Transactions on Knowledge and Data Engineering,2021,03,20,Wanhua,Li,Sofft Layer,Shiwei,Wang,Southwest Airlines,Jiwen,Lu,USAA,Jianjiang,Feng,USAA,Jie,Zhou,Troy University
Large-scale Taxonomy Induction Using Entity and Word Embeddings,IEEE Transactions on Knowledge and Data Engineering,2021,03,20,Petar,Ristoski,Sofft Layer,Stefano,Faralli,Troy University,Simone,Paolo Ponzetto,Troy University,Heiko,Paulheim,
Using social network analysis to prevent money laundering,IEEE Transactions on Knowledge and Data Engineering,2021,03,20,A.,Fronzetti Colladon,Stanford,E.,Remondi,Stanford
TopicsRanksDC: Distance-based Topic Ranking applied on Two-Class Data,IEEE Transactions on Knowledge and Data Engineering,2021,03,20,Malik,Yousef,American Airlines,Jamal,Al Qundus,Southwest Airlines,Silvio,Peikert,Boston College,Adrian,Paschke,Sofft Layer
A Non-Deterministic Multiset Query Language,IEEE Transactions on Knowledge and Data Engineering,2021,03,20,Bartosz,Zielinski,Troy University
A Java Data Security Framework (JDSF) and its Case Studies,Journal of Big Data,2016,01,,Serguei,A. Mokhov,Boston College,Lee,Wei Huynh,Southern Methodist University,Jian,Li,State Farm,Farid,Rassai,USAA
Improving Speech Related Facial Action Unit Recognition by Audiovisual Information Fusion,IEEE Transactions on Knowledge and Data Engineering,2017,03,16,Zibo,Meng,American Airlines,Shizhong,Han,Auburn University,Ping,Liu,University of Michigan,Yan,Tong,USAA
Can Deep Neural Networks Match the Related Objects?: A Survey on ImageNet-trained Classification Models,Journal of Big Data,2017,01,,Han,S. Lee,IBM,Heechul,Jung,Auburn University,Alex,A. Agarwal,Southern Methodist University,Junmo,Kim,State Farm
Modeling Relational Data with Graph Convolutional Networks,IEEE Transactions on Knowledge and Data Engineering,2017,03,16,Michael,Schlichtkrull,University of Alaska,Thomas,N. Kipf,Stanford,Peter,Bloem,State Farm,Rianne,van den Berg,Troy University,Ivan,Titov,Southern Methodist University,Max,Welling,USAA
Efficient Genomic Interval Queries Using Augmented Range Trees,Journal of Big Data,2018,01,,Chengsheng,Mao,Huntingdon College,Alal,Eran,American Airlines,Yuan,Luo,New York University
"Unit Consistency, Generalized Inverses, and Effective System Design Methods",IEEE Transactions on Big Data,2016,03,23,Jeffrey,Uhlmann,Auburn University
Concept-Oriented Model: the Functional View,IEEE Transactions on Knowledge and Data Engineering,2016,03,15,Alexandr,Savinov,Huntingdon College
Traj2User: exploiting embeddings for computing similarity of users mobile behavior,IEEE Transactions on Big Data,2018,03,25,Andrea,Esuli,,Lucas,May Petry,Sofft Layer,Chiara,Renso,University of Michigan,Vania,Bogorny,
"Regrasp Planning using 10,000s of Grasps",IEEE Transactions on Knowledge and Data Engineering,2017,03,16,Weiwei,Wan,Stanford,Kensuke,Harada,Yale
Acquisition of Phrase Correspondences using Natural Deduction Proofs,IEEE Transactions on Big Data,2018,03,25,Hitomi,Yanaka,Southwest Airlines,Koji,Mineshima,,Pascual,Martinez-Gomez,Stanford,Daisuke,Bekki,Southwest Airlines
Introducer Concepts in n-Dimensional Contexts,IEEE Transactions on Big Data,2018,03,25,Giacomo,Kahn,American Airlines,Alexandre,Bazin,Stanford
COVID-19 UK Social Media Dataset for Public Health Research: Methodology for Collection and Processing,IEEE Transactions on Knowledge and Data Engineering,2021,03,20,Richard,Plant,New York University
Squish: Near-Optimal Compression for Archival of Relational Datasets,IEEE Transactions on Knowledge and Data Engineering,2016,03,15,Yihan,Gao,Southwest Airlines,Aditya,Parameswaran,American Airlines
The Relation between Stellar and Dynamical Surface Densities in the Central Regions of Disk Galaxies,Journal of Big Data,2016,01,,Federico,Lelli,Southwest Airlines,Stacy,S. McGaugh,Yale,James,M. Schombert,Southwest Airlines,Marcel,S. Pawlowski,Troy University
Integrity Constraints Revisited: From Exact to Approximate Implication,IEEE Transactions on Big Data,2018,03,25,Batya,Kenig,Sofft Layer,Dan,Suciu,Boston College
Worst-Case Optimal Algorithms for Parallel Query Processing,IEEE Transactions on Big Data,2016,03,23,Paul,Beame,Stanford,Paraschos,Koutris,Stanford,Dan,Suciu,Boston College
The Tight Empirical Relation between Dark Matter Halo Mass and Flat Rotation Velocity for Late-Type Galaxies,IEEE Transactions on Big Data,2018,03,25,Harley,Katz,IBM,Harry,Desmond,New York University,Stacy,McGaugh,Sofft Layer,Federico,Lelli,Southwest Airlines
Differential Privacy for Growing Databases,IEEE Transactions on Big Data,2018,03,25,Rachel,Cummings,Troy University,Sara,Krehbiel,Southern Methodist University,Kevin,A. Lai,,Uthaipon,Tantipongpipat,Sofft Layer
